name,role,club_number,username,password
Sean Given,pro,0,sean.given,LIJwR21GHZaQgt
Rachel Morgan,pro,1,rachel.morgan,cQqiDoy5vVs8kT
Chris Taylor,pro,2,chris.taylor,Y$iQYotoa96q0L
Maya Takaichi,pro,3,maya.takaichi,p1OtAyfLInoUl$
Ethan Brooks,pro,4,ethan.brooks,ExqsSI8hZxZWkr
Front Desk,pro,5,front.desk,A15Ef8Io%pBwZP
James Anderson,member,1000,james.anderson,5UfxHkkL2N4MYi
Olivia Bennett,member,1001,olivia.bennett,cohvl93fcu@6J2
Noah Carter,member,1002,noah.carter,N9%1zO8d9xZ3P2
Emma Davis,member,1003,emma.davis,CGKTEe@YC@WhDI
Liam Edwards,member,1004,liam.edwards,9%Uha4WjvMdqDf
Ava Foster,member,1005,ava.foster,K!oyJ4EdxJb1tT
William Garcia,member,1006,william.garcia,l%qOt0zZ$FVN7J
Sophia Hayes,member,1007,sophia.hayes,UmV%i3UvQGbKVp
Benjamin Irwin,member,1008,benjamin.irwin,cpGafefi%Rn!jc
Mia Johnson,member,1009,mia.johnson,p@@C2F0Vfx9D%h
Lucas King,member,1010,lucas.king,eyH!hv3vgJ$%gA
Charlotte Lewis,member,1011,charlotte.lewis,tjeeD7MnZwBqz#
Henry Morris,member,1012,henry.morris,kDhB0wClzmX3Cq
Amelia Nelson,member,1013,amelia.nelson,!ULzxbHgQ1PW%x
Alexander Owens,member,1014,alexander.owens,smKOlfOIPh7!Q1
Harper Parker,member,1015,harper.parker,EP!75wsEuDoSqv
Daniel Quinn,member,1016,daniel.quinn,tFcPAh#JKuYwgr
Evelyn Reed,member,1017,evelyn.reed,gK2lRWknHaukNk
Matthew Scott,member,1018,matthew.scott,zYFG2!sGG8rB$m
Abigail Turner,member,1019,abigail.turner,DDF2mJIu7oJNNL
Joseph Underwood,member,1020,joseph.underwood,NTNj4l!bcVcBC$
Ella Vaughn,member,1021,ella.vaughn,N%0POrtX8Lsu%Y
Samuel Walker,member,1022,samuel.walker,5s%NRD7S1S1cqH
Scarlett Young,member,1023,scarlett.young,ngO0XqXBqb8@nS
David Zimmerman,member,1024,david.zimmerman,kEjs0DiY#eKSt6
Grace Bailey,member,1025,grace.bailey,5BbfO@@8#LjVw2
Jack Collins,member,1026,jack.collins,794H6LIOTDjaEi
Chloe Diaz,member,1027,chloe.diaz,pujFcB!81gS!B2
Owen Evans,member,1028,owen.evans,vH9pAYhZGfy#ge
Lily Flores,member,1029,lily.flores,0zo2AWIIa8J9Dz
Jackson Green,member,1030,jackson.green,vcM0W7QXk3ZB1L
Victoria Hughes,member,1031,victoria.hughes,VfYf0s6epxb62W
Sebastian Ingram,member,1032,sebastian.ingram,LE!XcEj09QwIPW
Zoey James,member,1033,zoey.james,OCVofOOAwMGxYO
Aiden Kelly,member,1034,aiden.kelly,8U1kUw34rX42yv
Penelope Long,member,1035,penelope.long,EHXLjTWY%OWpyk
Gabriel Mitchell,member,1036,gabriel.mitchell,SI#0JrX#uGp6CF
Nora Nguyen,member,1037,nora.nguyen,jZX7PMVF0vcobU
Carter Ortiz,member,1038,carter.ortiz,hyL1FAfzef9UGM
Riley Phillips,member,1039,riley.phillips,Aw4AN%0G8fRFGf
Wyatt Ramirez,member,1040,wyatt.ramirez,gKprZB2xyX72Bu
Hannah Sanchez,member,1041,hannah.sanchez,uGUB6#tnM2TsDp
Jayden Thompson,member,1042,jayden.thompson,6uHU#r%m!x1fdu
Lillian Usher,member,1043,lillian.usher,UceFaiAez#7XVk
Dylan Valdez,member,1044,dylan.valdez,ocEeWVTZBx61#q
Addison White,member,1045,addison.white,6KrFNTQqSQKea0
Luke Xu,member,1046,luke.xu,wxeZLe%MXLDbbA
Aubrey York,member,1047,aubrey.york,Kakbt0G7cADSfM
Isaac Zhang,member,1048,isaac.zhang,gkj#UkFpjCDg9$
Madison Brooks,member,1049,madison.brooks,szBY4h4f7Pt0Bu
